,lr,beta1,beta2,wd,dropout_rate,cardinality,base,SE_reduction_ratio,SA_kernel_size
0,0.000788445902762644,0.8685738182995577,0.9900910058627325,2.7954857147506977e-05,0.46643021542233565,16,4,16,3
